product_id,image
43,catalog/silk_scarf/sailor_moon_collection/Sailormoon01b.jpg
43,catalog/silk_scarf/sailor_moon_collection/Sailormoon01d.jpg
43,catalog/silk_scarf/sailor_moon_collection/Sailormoon01c.jpg
51,catalog/silk_scarf/sailor_moon_collection/Sailormoon02b.jpg
51,catalog/silk_scarf/sailor_moon_collection/Sailormoon02d.jpg
51,catalog/silk_scarf/sailor_moon_collection/Sailormoon02c.jpg
52,catalog/silk_scarf/artify_artist_collection/sarah_scarf01c.jpg
52,catalog/silk_scarf/artify_artist_collection/sarah_scarf01b.jpg
67,catalog/bags/artify_artist_collection/apple_totebag01b.jpg
68,catalog/bags/artify_artist_collection/bambi_totebag01b.jpg
71,catalog/bags/artify_artist_collection/emma_totebag01b.jpg
72,catalog/bags/artify_artist_collection/hasart_totebag01b.jpg
72,catalog/bags/artify_artist_collection/hasart_totebag01c.jpg
73,catalog/bags/artify_artist_collection/hasart_totebag02b.jpg
73,catalog/bags/artify_artist_collection/hasart_totebag02c.jpg
74,catalog/bags/artify_artist_collection/katsu_totebag01b.jpg
75,catalog/bags/artify_artist_collection/sarah_totebag01b.jpg
76,catalog/bags/artify_artist_collection/sarah_totebag02b.jpg
78,catalog/bags/garfield_collection/garfield_left_right01.jpg
78,catalog/bags/garfield_collection/garfield_side01.jpg
79,catalog/silk_scarf/sailor_moon_collection/Sailormoon03b.jpg
79,catalog/silk_scarf/sailor_moon_collection/Sailormoon03c.jpg
79,catalog/silk_scarf/sailor_moon_collection/Sailormoon03d.jpg
80,catalog/silk_scarf/sailor_moon_collection/Sailormoon04b.jpg
80,catalog/silk_scarf/sailor_moon_collection/Sailormoon04c.jpg
80,catalog/silk_scarf/sailor_moon_collection/Sailormoon04d.jpg
81,catalog/silk_scarf/sailor_moon_collection/Sailormoon05b.jpg
81,catalog/silk_scarf/sailor_moon_collection/Sailormoon05c.jpg
81,catalog/silk_scarf/sailor_moon_collection/Sailormoon05d.jpg
82,catalog/silk_scarf/sailor_moon_collection/Sailormoon06b.jpg
82,catalog/silk_scarf/sailor_moon_collection/Sailormoon06c.jpg
82,catalog/silk_scarf/sailor_moon_collection/Sailormoon06d.jpg
83,catalog/silk_scarf/sailor_moon_collection/Sailormoon07b.jpg
83,catalog/silk_scarf/sailor_moon_collection/Sailormoon07c.jpg
83,catalog/silk_scarf/sailor_moon_collection/Sailormoon07d.jpg
84,catalog/silk_scarf/sailor_moon_collection/Sailormoon08b.jpg
84,catalog/silk_scarf/sailor_moon_collection/Sailormoon08c.jpg
84,catalog/silk_scarf/sailor_moon_collection/Sailormoon08d.jpg
85,catalog/silk_scarf/sailor_moon_collection/Sailormoon09b.jpg
85,catalog/silk_scarf/sailor_moon_collection/Sailormoon09c.jpg
85,catalog/silk_scarf/sailor_moon_collection/Sailormoon09d.jpg
86,catalog/home_living/artify_artist_collection/katsu_cardholder01b.jpg
86,catalog/home_living/artify_artist_collection/katsu_cardholder01d.jpg
87,catalog/home_living/garfield_collection/garfield_carpet01b.jpg
87,catalog/home_living/garfield_collection/garfield_carpet01c.jpg
88,catalog/silk_scarf/artify_artist_collection/ballzi_scarf01b.jpg
88,catalog/silk_scarf/artify_artist_collection/ballzi_scarf01c.jpg
88,catalog/silk_scarf/artify_artist_collection/ballzi_scarf01d.jpg
89,catalog/silk_scarf/artify_artist_collection/ballzi_scarf02b.jpg
89,catalog/silk_scarf/artify_artist_collection/ballzi_scarf02c.jpg
89,catalog/silk_scarf/artify_artist_collection/ballzi_scarf02d.jpg
90,catalog/silk_scarf/artify_artist_collection/ballzi_scarf03b.jpg
90,catalog/silk_scarf/artify_artist_collection/ballzi_scarf03c.jpg
91,catalog/silk_scarf/artify_artist_collection/ballzi_scarf04b.jpg
92,catalog/silk_scarf/artify_artist_collection/ballzi_scarf06b.jpg
93,catalog/silk_scarf/artify_artist_collection/bambi_scarf01b.jpg
93,catalog/silk_scarf/artify_artist_collection/bambi_scarf01c.jpg
93,catalog/silk_scarf/artify_artist_collection/bambi_scarf01d.jpg
94,catalog/silk_scarf/artify_artist_collection/evan_scarf01b.jpg
94,catalog/silk_scarf/artify_artist_collection/evan_scarf01d.jpg
95,catalog/silk_scarf/artify_artist_collection/evan_scarf02b.jpg
95,catalog/silk_scarf/artify_artist_collection/evan_scarf02d.jpg
96,catalog/silk_scarf/artify_artist_collection/eve_scarf01c.jpg
96,catalog/silk_scarf/artify_artist_collection/eve_scarf01d.jpg
97,catalog/silk_scarf/artify_artist_collection/eve_scarf02c.jpg
98,catalog/silk_scarf/artify_artist_collection/kiki_scarf02b.jpg
98,catalog/silk_scarf/artify_artist_collection/kiki_scarf02c.jpg
99,catalog/silk_scarf/artify_artist_collection/kiki_scarf03b.jpg
99,catalog/silk_scarf/artify_artist_collection/kiki_scarf03c.jpg
101,catalog/silk_scarf/artify_artist_collection/sarah_scarf02c.jpg
101,catalog/silk_scarf/artify_artist_collection/sarah_scarf02d.jpg
101,catalog/silk_scarf/artify_artist_collection/sarah_scarf02e.jpg
102,catalog/silk_scarf/artify_artist_collection/vvn_scarf01c.jpg
103,catalog/silk_scarf/artify_artist_collection/vvn_scarf02c.jpg
103,catalog/silk_scarf/artify_artist_collection/vvn_scarf02d.jpg
111,catalog/silk_scarf/garfield_collection/garfield_scarf02b.jpg
111,catalog/silk_scarf/garfield_collection/garfield_scarf02c.jpg
112,catalog/silk_scarf/garfield_collection/garfield_scarf04b.jpg
112,catalog/silk_scarf/garfield_collection/garfield_scarf04c.jpg
113,catalog/silk_scarf/garfield_collection/garfield_scarf05b.jpg
113,catalog/silk_scarf/garfield_collection/garfield_scarf05c.jpg
114,catalog/silk_scarf/mr_men_little_miss_collection/misshug_scarf01c.jpg
114,catalog/silk_scarf/mr_men_little_miss_collection/misshug_scarf01d.jpg
115,catalog/silk_scarf/mr_men_little_miss_collection/misshug_scarf02c.jpg
116,catalog/silk_scarf/mr_men_little_miss_collection/mrmen_scarf01b.jpg
116,catalog/silk_scarf/mr_men_little_miss_collection/mrmen_scarf01c.jpg
117,catalog/silk_scarf/mr_men_little_miss_collection/mrmen_scarf02b.jpg
117,catalog/silk_scarf/mr_men_little_miss_collection/mrmen_scarf02c.jpg
117,catalog/silk_scarf/mr_men_little_miss_collection/mrmen_scarf02d.jpg
117,catalog/silk_scarf/mr_men_little_miss_collection/mrmen_scarf02e.jpg
118,catalog/silk_scarf/mr_men_little_miss_collection/mrmen_scarf04b.jpg
118,catalog/silk_scarf/mr_men_little_miss_collection/mrmen_scarf04c.jpg
119,catalog/silk_scarf/sailor_moon_collection/Sailormoon02a.jpg
119,catalog/silk_scarf/sailor_moon_collection/Sailormoon02b.jpg
119,catalog/silk_scarf/sailor_moon_collection/Sailormoon02c.jpg
119,catalog/silk_scarf/sailor_moon_collection/Sailormoon02d.jpg
119,catalog/silk_scarf/sailor_moon_collection/Sailormoon07a.jpg
119,catalog/silk_scarf/sailor_moon_collection/Sailormoon07b.jpg
119,catalog/silk_scarf/sailor_moon_collection/Sailormoon07c.jpg
119,catalog/silk_scarf/sailor_moon_collection/Sailormoon07d.jpg
120,catalog/silk_scarf/sailor_moon_collection/Sailormoon08a.jpg
120,catalog/silk_scarf/sailor_moon_collection/Sailormoon08b.jpg
120,catalog/silk_scarf/sailor_moon_collection/Sailormoon08c.jpg
120,catalog/silk_scarf/sailor_moon_collection/Sailormoon08d.jpg
120,catalog/silk_scarf/sailor_moon_collection/Sailormoon06a.jpg
120,catalog/silk_scarf/sailor_moon_collection/Sailormoon06b.jpg
120,catalog/silk_scarf/sailor_moon_collection/Sailormoon06c.jpg
120,catalog/silk_scarf/sailor_moon_collection/Sailormoon06d.jpg
213,catalog/phone_case/88-HK-bus-CMB-GAV-01-3D.jpg
213,catalog/phone_case/88-HK-bus-CMB-GAV-01-s.jpg
214,catalog/phone_case/88-HK-bus-CMB-MCW-01-3D.jpg
214,catalog/phone_case/88-HK-bus-CMB-MCW-01-s.jpg
215,catalog/phone_case/88-HK-bus-KMB-AEC-01-3D.jpg
215,catalog/phone_case/88-HK-bus-KMB-AEC-01-s.jpg
216,catalog/phone_case/88-HK-bus-KMB-MCW-01-3D.jpg
216,catalog/phone_case/88-HK-bus-KMB-MCW-01-s.jpg
546,catalog/phone_case/PCYH01-3D.jpg
546,catalog/phone_case/PCYH01-s.jpg
547,catalog/phone_case/PCYH02-3D.jpg
547,catalog/phone_case/PCYH02-s.jpg
592,catalog/Cushion/customized cushion01b.png
592,catalog/Cushion/customized cushion02a.png
592,catalog/Cushion/customized cushion02b.png
593,catalog/WC Battery Packs/SMLED Touch Lamp 5.jpg
593,catalog/WC Battery Packs/SMLED Touch Lamp 4.jpg
593,catalog/WC Battery Packs/SMLED Touch Lamp 3.jpg
593,catalog/WC Battery Packs/SMLED Touch Lamp 2.jpg
593,catalog/WC Battery Packs/SMLED Touch Lamp 6.jpg
594,catalog/WC Battery Packs/SM Moon Stick Front.jpg
594,catalog/WC Battery Packs/SM Moon Stick Back.jpg
594,catalog/WC Battery Packs/SM Moon Stick packaging box Front.jpg
594,catalog/WC Battery Packs/SM Moon Stick packaging box Back.jpg
594,catalog/WC Battery Packs/Moonstick Descriptions.jpg
595,catalog/WC Battery Packs/SM_battery_02.jpg
595,catalog/WC Battery Packs/SM_battery_03.jpg
595,catalog/WC Battery Packs/SM_battery_04.jpg
596,catalog/WC Battery Packs/SM_mirror 1-650x650 Heart shaped Mirror box Charger Opened.jpg
596,catalog/WC Battery Packs/SM_Mirror box Charger Packaging Box.jpg
597,catalog/Socks/CUCA039BLUF_Ir_back.jpg
597,catalog/Socks/CUCA039BLUF_lr.jpg
597,catalog/Socks/39BLU-1.jpg
597,catalog/Socks/39BLU-2.jpg
597,catalog/Socks/39BLU-3.jpg
598,catalog/Socks/CUCA039KKIF_lr.jpg
598,catalog/Socks/CUCA039KKIF_Ir_back.jpg
598,catalog/Socks/39KK-1.jpg
598,catalog/Socks/39KK-2.jpg
598,catalog/Socks/39KK-3.jpg
599,catalog/Socks/CUCA040NAVF_lr.jpg
599,catalog/Socks/CUCA040NAVF_Ir_back.jpg
599,catalog/Socks/40NAV-1.jpg
599,catalog/Socks/40NAV-2.jpg
599,catalog/Socks/40NAV-3.jpg
600,catalog/Socks/CUCA040KKIF_lr.jpg
600,catalog/Socks/CUCA040KKIF_Ir_back.jpg
600,catalog/Socks/40KK-1.jpg
600,catalog/Socks/40KK-2.jpg
600,catalog/Socks/40KK-3.jpg
601,catalog/Socks/CUCA041NAVF_lr_B.jpg
601,catalog/Socks/CUCA041NAVF_Ir_B_back.jpg
601,catalog/Socks/41NAV-1.jpg
601,catalog/Socks/41NAV-2.jpg
601,catalog/Socks/41NAV-3.jpg
603,catalog/Socks/CUCA041KKIF_lr_B.jpg
603,catalog/Socks/CUCA041KKIF_Ir_B_back.jpg
603,catalog/Socks/41KK-1.jpg
603,catalog/Socks/41KK-2.jpg
603,catalog/Socks/41KK-3.jpg
604,catalog/All_case/Oil Paint/oilpaint02-3D.jpg
604,catalog/All_case/Oil Paint/oilpaint02-scene.jpg
605,catalog/All_case/Oil Paint/oilpaint03-3D.jpg
605,catalog/All_case/Oil Paint/oilpaint03-scene.jpg
606,catalog/All_case/Oil Paint/oilpaint01-3D.jpg
606,catalog/All_case/Oil Paint/oilpaint01-scene.jpg
607,catalog/All_case/Oil Paint/oilpaint04-3D.jpg
607,catalog/All_case/Oil Paint/oilpaint04-scene.jpg
608,catalog/All_case/Oil Paint/oilpaint05-3D.jpg
608,catalog/All_case/Oil Paint/oilpaint05-scene.jpg
609,catalog/All_case/Oil Paint/oilpaint06-3D.jpg
609,catalog/All_case/Oil Paint/oilpaint06-scene.jpg
610,catalog/All_case/Oil Paint/oilpaint07-3D.jpg
610,catalog/All_case/Oil Paint/oilpaint07-scene.jpg
611,catalog/All_case/Oil Paint/oilpaint08-3D.jpg
611,catalog/All_case/Oil Paint/oilpaint08-scene.jpg
612,catalog/All_case/Oil Paint/oilpaint09-3D.jpg
612,catalog/All_case/Oil Paint/oilpaint09-scene.jpg
613,catalog/All_case/Oil Paint/oilpaint10-3D.jpg
613,catalog/All_case/Oil Paint/oilpaint10-scene.jpg
614,catalog/All_case/Oil Paint/oilpaint11-3D.jpg
614,catalog/All_case/Oil Paint/oilpaint11-scene.jpg
615,catalog/WirelessCharger/89-Marble-Pattern01-3D.jpg
615,catalog/WirelessCharger/89-Marble-Pattern01-s.jpg
616,catalog/WirelessCharger/89-Marble-Pattern02-3D.jpg
616,catalog/WirelessCharger/89-Marble-Pattern02-s.jpg
617,catalog/WirelessCharger/89-Marble-Pattern03-3D.jpg
617,catalog/WirelessCharger/89-Marble-Pattern03-s.jpg
618,catalog/WirelessCharger/89-Marble-Pattern04-3D.jpg
618,catalog/WirelessCharger/89-Marble-Pattern04-s.jpg
619,catalog/WirelessCharger/89-Marble-Pattern05-3D.jpg
619,catalog/WirelessCharger/89-Marble-Pattern05-s.jpg
620,catalog/WirelessCharger/06-2-3D.jpg
620,catalog/WirelessCharger/06-2-s.jpg
621,catalog/WirelessCharger/06c-2-3D.jpg
621,catalog/WirelessCharger/06c-2-s.jpg
622,catalog/WirelessCharger/06e-2-3D.jpg
622,catalog/WirelessCharger/06e-2-s.jpg
623,catalog/WirelessCharger/06f-2-3D.jpg
623,catalog/WirelessCharger/06f-2-s.jpg
624,catalog/WirelessCharger/36-flowers-pattern-french-garden-01-3D.jpg
624,catalog/WirelessCharger/36-flowers-pattern-french-garden-01-s.jpg
625,catalog/WirelessCharger/36-flowers-pattern-pink-blossom-01-3D.jpg
625,catalog/WirelessCharger/36-flowers-pattern-pink-blossom-01-s.jpg
626,catalog/WirelessCharger/36-flowers-pattern-roses-in-blue-01-3D.jpg
626,catalog/WirelessCharger/36-flowers-pattern-roses-in-blue-01-s.jpg
627,catalog/WirelessCharger/36-flowers-pattern-spring-haze-01-3D.jpg
627,catalog/WirelessCharger/36-flowers-pattern-spring-haze-01-s.jpg
628,catalog/WirelessCharger/36-flowers-pattern-summer-romance-01-3D.jpg
628,catalog/WirelessCharger/36-flowers-pattern-summer-romance-01-s.jpg
629,catalog/WirelessCharger/JN-phone-case-05-1-3D.jpg
629,catalog/WirelessCharger/JN-phone-case-05-1-s.jpg
630,catalog/WirelessCharger/JN-phone-case-21-4-3D.jpg
630,catalog/WirelessCharger/JN-phone-case-21-4-s.jpg
631,catalog/WirelessCharger/JN-phone-case-24-1-3D.jpg
631,catalog/WirelessCharger/JN-phone-case-24-1-s.jpg
632,catalog/WirelessCharger/JN-phone-case-24-2-3D.jpg
632,catalog/WirelessCharger/JN-phone-case-24-2-s.jpg
633,catalog/WirelessCharger/JN-phone-case-24-3-3D.jpg
633,catalog/WirelessCharger/JN-phone-case-24-3-s.jpg
634,catalog/WirelessCharger/JN-phone-case-24-4-3D.jpg
634,catalog/WirelessCharger/JN-phone-case-24-4-s.jpg
635,catalog/WirelessCharger/JN-phone-case-24-5-3D.jpg
635,catalog/WirelessCharger/JN-phone-case-24-5-s.jpg
636,catalog/WirelessCharger/JN-phone-case-25-1-3D.jpg
636,catalog/WirelessCharger/JN-phone-case-25-1-s.jpg
637,catalog/WirelessCharger/JN-phone-case-25-2-3D.jpg
637,catalog/WirelessCharger/JN-phone-case-25-2-s.jpg
638,catalog/WirelessCharger/JN-phone-case-25-3-3D.jpg
638,catalog/WirelessCharger/JN-phone-case-25-3-s.jpg
639,catalog/WirelessCharger/JN-phone-case-25-4-3D.jpg
639,catalog/WirelessCharger/JN-phone-case-25-4-s.jpg
640,catalog/WirelessCharger/JN-phone-case-42-3-3D.jpg
640,catalog/WirelessCharger/JN-phone-case-42-3-s.jpg
641,catalog/WirelessCharger/JN-phone-case-42-4-3D.jpg
641,catalog/WirelessCharger/JN-phone-case-42-4-s.jpg
642,catalog/WirelessCharger/JN-phone-case-45-1-3D.jpg
642,catalog/WirelessCharger/JN-phone-case-45-1-s.jpg
643,catalog/WirelessCharger/JN-phone-case-45-2-3D.jpg
643,catalog/WirelessCharger/JN-phone-case-45-2-s.jpg
644,catalog/WirelessCharger/JN-phone-case-45-3-3D.jpg
644,catalog/WirelessCharger/JN-phone-case-45-3-s.jpg
645,catalog/WirelessCharger/JN-phone-case-47-2-3D.jpg
645,catalog/WirelessCharger/JN-phone-case-47-2-s.jpg
646,catalog/WirelessCharger/oilpaint01-3D.jpg
646,catalog/WirelessCharger/oilpaint01-s.jpg
647,catalog/WirelessCharger/oilpaint02-3D.jpg
647,catalog/WirelessCharger/oilpaint02-s.jpg
648,catalog/WirelessCharger/oilpaint03-3D.jpg
648,catalog/WirelessCharger/oilpaint03-s.jpg
649,catalog/WirelessCharger/oilpaint04-3D.jpg
649,catalog/WirelessCharger/oilpaint04-s.jpg
650,catalog/WirelessCharger/oilpaint05-3D.jpg
650,catalog/WirelessCharger/oilpaint05-s.jpg
651,catalog/WirelessCharger/oilpaint06-3D.jpg
651,catalog/WirelessCharger/oilpaint06-s.jpg
652,catalog/WirelessCharger/oilpaint07-3D.jpg
652,catalog/WirelessCharger/oilpaint07-s.jpg
653,catalog/WirelessCharger/oilpaint08-3D.jpg
653,catalog/WirelessCharger/oilpaint08-s.jpg
654,catalog/WirelessCharger/oilpaint09-3D.jpg
654,catalog/WirelessCharger/oilpaint09-s.jpg
655,catalog/WirelessCharger/oilpaint10-3D.jpg
655,catalog/WirelessCharger/oilpaint10-s.jpg
656,catalog/WirelessCharger/oilpaint11-3D.jpg
656,catalog/WirelessCharger/oilpaint11-s.jpg
657,catalog/WirelessCharger/marble01-3D.jpg
657,catalog/WirelessCharger/marble01-s.jpg
658,catalog/WirelessCharger/marble02-3D.jpg
658,catalog/WirelessCharger/marble02-s.jpg
659,catalog/WirelessCharger/marble03-3D.jpg
659,catalog/WirelessCharger/marble03-s.jpg
660,catalog/WirelessCharger/marble04-3D.jpg
660,catalog/WirelessCharger/marble04-s.jpg
661,catalog/WirelessCharger/marble05-3D.jpg
661,catalog/WirelessCharger/marble05-s.jpg
662,catalog/WirelessCharger/marble06-3D.jpg
662,catalog/WirelessCharger/marble06-s.jpg
663,catalog/WirelessCharger/marble07-3D.jpg
663,catalog/WirelessCharger/marble07-s.jpg
664,catalog/WirelessCharger/marble08-3D.jpg
664,catalog/WirelessCharger/marble08-s.jpg
665,catalog/WirelessCharger/marble09-3D.jpg
665,catalog/WirelessCharger/marble09-s.jpg
666,catalog/WirelessCharger/marble10-3D.jpg
666,catalog/WirelessCharger/marble10-s.jpg
667,catalog/WirelessCharger/marble11-3D.jpg
667,catalog/WirelessCharger/marble11-s.jpg
668,catalog/phone_case/oilpaint12-3D.jpg
668,catalog/phone_case/oilpaint12-s.jpg
669,catalog/phone_case/oilpaint13-3D.jpg
669,catalog/phone_case/oilpaint13-s.jpg
670,catalog/phone_case/oilpaint14-3D.jpg
670,catalog/phone_case/oilpaint14-s.jpg
671,catalog/phone_case/oilpaint15-3D.jpg
671,catalog/phone_case/oilpaint15-s.jpg
672,catalog/phone_case/oilpaint16-3D.jpg
672,catalog/phone_case/oilpaint16-s.jpg
673,catalog/phone_case/oilpaint17-3D.jpg
673,catalog/phone_case/oilpaint17-s.jpg
674,catalog/phone_case/oilpaint18-3D.jpg
674,catalog/phone_case/oilpaint18-s.jpg
675,catalog/phone_case/oilpaint19-3D.jpg
675,catalog/phone_case/oilpaint19-s.jpg
676,catalog/phone_case/oilpaint20-3D.jpg
676,catalog/phone_case/oilpaint20-s.jpg
677,catalog/phone_case/marble01-3D.jpg
677,catalog/phone_case/marble01-s.jpg
678,catalog/phone_case/marble02-3D.jpg
678,catalog/phone_case/marble02-s.jpg
679,catalog/phone_case/marble03-3D.jpg
679,catalog/phone_case/marble03-s.jpg
680,catalog/phone_case/marble04-3D.jpg
680,catalog/phone_case/marble04-s.jpg
681,catalog/phone_case/marble05-3D.jpg
681,catalog/phone_case/marble05-s.jpg
682,catalog/phone_case/marble06-3D.jpg
682,catalog/phone_case/marble06-s.jpg
683,catalog/phone_case/marble07-3D.jpg
683,catalog/phone_case/marble07-s.jpg
684,catalog/phone_case/marble08-3D.jpg
684,catalog/phone_case/marble08-s.jpg
685,catalog/phone_case/marble09-3D.jpg
685,catalog/phone_case/marble09-s.jpg
686,catalog/phone_case/marble10-3D.jpg
686,catalog/phone_case/marble10-s.jpg
687,catalog/phone_case/marble11-3D.jpg
687,catalog/phone_case/marble11-s.jpg
688,catalog/phone_case/watercolor01-3D.jpg
688,catalog/phone_case/watercolor01-s.jpg
689,catalog/phone_case/watercolor02-3D.jpg
689,catalog/phone_case/watercolor02-s.jpg
690,catalog/phone_case/watercolor03-3D.jpg
690,catalog/phone_case/watercolor03-s.jpg
691,catalog/phone_case/watercolor04-3D.jpg
691,catalog/phone_case/watercolor04-s.jpg
692,catalog/phone_case/watercolor05-3D.jpg
692,catalog/phone_case/watercolor05-s.jpg
693,catalog/phone_case/watercolor06-3D.jpg
693,catalog/phone_case/watercolor06-s.jpg
694,catalog/phone_case/hk-ambulance-3D.jpg
694,catalog/phone_case/hk-ambulance-s.jpg
695,catalog/phone_case/hk-fire-engine-red-3D.jpg
695,catalog/phone_case/hk-fire-engine-red-s.jpg
696,catalog/phone_case/hk-peak-tram-3D.jpg
696,catalog/phone_case/hk-peak-tram-s.jpg
697,catalog/phone_case/hk-softee-icecream-3D.jpg
697,catalog/phone_case/hk-softee-icecream-s.jpg
698,catalog/phone_case/hk-star-ferry-3D.jpg
698,catalog/phone_case/hk-star-ferry-s.jpg
699,catalog/phone_case/hk-tram-green-3D.jpg
699,catalog/phone_case/hk-tram-green-s.jpg
700,catalog/phone_case/hk-bus-WR-01-3D.jpg
700,catalog/phone_case/hk-bus-WR-01-s.jpg
701,catalog/phone_case/hk-bus-YRB-02-3D.jpg
701,catalog/phone_case/hk-bus-YRB-02-s.jpg
702,catalog/WirelessCharger/oilpaint12-3D.jpg
702,catalog/WirelessCharger/oilpaint12-s.jpg
703,catalog/WirelessCharger/oilpaint13-3D.jpg
703,catalog/WirelessCharger/oilpaint13-s.jpg
704,catalog/WirelessCharger/oilpaint14-3D.jpg
704,catalog/WirelessCharger/oilpaint14-s.jpg
705,catalog/WirelessCharger/oilpaint15-3D.jpg
705,catalog/WirelessCharger/oilpaint15-s.jpg
706,catalog/WirelessCharger/oilpaint16-3D.jpg
706,catalog/WirelessCharger/oilpaint16-s.jpg
707,catalog/WirelessCharger/oilpaint17-3D.jpg
707,catalog/WirelessCharger/oilpaint17-s.jpg
708,catalog/WirelessCharger/oilpaint18-3D.jpg
708,catalog/WirelessCharger/oilpaint18-s.jpg
709,catalog/WirelessCharger/oilpaint19-3D.jpg
709,catalog/WirelessCharger/oilpaint19-s.jpg
710,catalog/WirelessCharger/oilpaint20-3D.jpg
710,catalog/WirelessCharger/oilpaint20-s.jpg
711,catalog/WirelessCharger/watercolor01-3D.jpg
711,catalog/WirelessCharger/watercolor01-s.jpg
712,catalog/WirelessCharger/watercolor02-3D.jpg
712,catalog/WirelessCharger/watercolor02-s.jpg
713,catalog/WirelessCharger/watercolor03-3D.jpg
713,catalog/WirelessCharger/watercolor03-s.jpg
714,catalog/WirelessCharger/watercolor04-3D.jpg
714,catalog/WirelessCharger/watercolor04-s.jpg
715,catalog/WirelessCharger/watercolor05-3D.jpg
715,catalog/WirelessCharger/watercolor05-s.jpg
716,catalog/WirelessCharger/watercolor06-3D.jpg
716,catalog/WirelessCharger/watercolor06-s.jpg
717,catalog/Socks/29GRN-1.jpg
717,catalog/Socks/29GRN-2.jpg
717,catalog/Socks/29GRN-3.jpg
717,catalog/Socks/CUCA029GRNF.jpg
717,catalog/Socks/CUCA029GRNF_back.jpg
718,catalog/Socks/29PU-1.jpg
718,catalog/Socks/29PU-2.jpg
718,catalog/Socks/29PU-3.jpg
718,catalog/Socks/CUCA029PURF.jpg
718,catalog/Socks/CUCA029PURF_back.jpg
719,catalog/Socks/29BLU-1.jpg
719,catalog/Socks/29BLU-2.jpg
719,catalog/Socks/29BLU-3.jpg
719,catalog/Socks/CUCA029BLUF.jpg
719,catalog/Socks/CUCA029BLUF_back.jpg
720,catalog/Socks/30BLU-1.jpg
720,catalog/Socks/30BLU-2.jpg
720,catalog/Socks/30BLU-3.jpg
720,catalog/Socks/CUCA030BLUF.jpg
720,catalog/Socks/CUCA030BLUF_back.jpg
721,catalog/Socks/30PU-1.jpg
721,catalog/Socks/30PU-2.jpg
721,catalog/Socks/30PU-3.jpg
721,catalog/Socks/CUCA030PURF.jpg
721,catalog/Socks/CUCA030PURF_back.jpg
722,catalog/Socks/30WH-1.jpg
722,catalog/Socks/30WH-2.jpg
722,catalog/Socks/30WH-3.jpg
722,catalog/Socks/CUCA030WHTF.jpg
722,catalog/Socks/CUCA030WHTF_back.jpg
723,catalog/Socks/43YE-1.jpg
723,catalog/Socks/43YE-2.jpg
723,catalog/Socks/43YE-3.jpg
723,catalog/Socks/CUCA043YELF.jpg
723,catalog/Socks/CUCA043YELF_back1.jpg
723,catalog/Socks/CUCA043YELF_back2.jpg
723,catalog/Socks/CUCA043YELF_front2.jpg
724,catalog/Socks/43PU-1.jpg
724,catalog/Socks/43PU-2.jpg
724,catalog/Socks/43PU-3.jpg
724,catalog/Socks/CUCA043PURF.jpg
724,catalog/Socks/CUCA043PURF_back1.jpg
724,catalog/Socks/CUCA043PURF_back2.jpg
724,catalog/Socks/CUCA043PURF_front2.jpg
725,catalog/Socks/43WH-1.jpg
725,catalog/Socks/43WH-2.jpg
725,catalog/Socks/43WH-3.jpg
725,catalog/Socks/CUCA043WHTF.jpg
725,catalog/Socks/CUCA043WHTF_back1.jpg
725,catalog/Socks/CUCA043WHTF_back2.jpg
725,catalog/Socks/CUCA043WHTF_front2.jpg
726,catalog/Socks/42BLK-1.jpg
726,catalog/Socks/42BLK-2.jpg
726,catalog/Socks/42BLK-3.jpg
726,catalog/Socks/CUCA042BLKF.jpg
726,catalog/Socks/CUCA042BLKF_back.jpg
727,catalog/Socks/42BLU-1.jpg
727,catalog/Socks/42BLU-2.jpg
727,catalog/Socks/42BLU-3.jpg
727,catalog/Socks/CUCA042BLUF.jpg
727,catalog/Socks/CUCA042BLUF_back.jpg
728,catalog/Socks/42YE-1.jpg
728,catalog/Socks/42YE-2.jpg
728,catalog/Socks/42YE-3.jpg
728,catalog/Socks/CUCA042YELF.jpg
728,catalog/Socks/CUCA042YELF_back.jpg
729,catalog/Socks/09BE-1.jpg
729,catalog/Socks/09BE-2.jpg
729,catalog/Socks/09BE-3.jpg
729,catalog/Socks/CUCA009BEIF.jpg
729,catalog/Socks/CUCA009BEIF_back.jpg
730,catalog/Socks/09BLK-1.jpg
730,catalog/Socks/09BLK-2.jpg
730,catalog/Socks/09BLK-3.jpg
730,catalog/Socks/CUCA009BLKF.jpg
730,catalog/Socks/CUCA009BLKF_back.jpg
731,catalog/Socks/10RED-1.jpg
731,catalog/Socks/10RED-2.jpg
731,catalog/Socks/10RED-3.jpg
731,catalog/Socks/CUCA010REDF.jpg
731,catalog/Socks/CUCA010REDF_back.jpg
732,catalog/Socks/10YE-1.jpg
732,catalog/Socks/10YE-2.jpg
732,catalog/Socks/10YE-3.jpg
732,catalog/Socks/CUCA010YELF.jpg
732,catalog/Socks/CUCA010YELF_back.jpg
733,catalog/Socks/10BLU-1.jpg
733,catalog/Socks/10BLU-2.jpg
733,catalog/Socks/10BLU-3.jpg
733,catalog/Socks/CUCA010BLUF.jpg
733,catalog/Socks/CUCA010BLUF_back.jpg
734,catalog/AirPods-case/M-gold-2.jpg
734,catalog/AirPods-case/M-gold-3.jpg
735,catalog/AirPods-case/M-silver-2.jpg
735,catalog/AirPods-case/M-silver-3.jpg
736,catalog/AirPods-case/M-black-2.jpg
736,catalog/AirPods-case/M-black-3.jpg
737,catalog/AirPods-case/M-red-2.jpg
737,catalog/AirPods-case/M-red-3.jpg
738,catalog/AirPods-case/M-blue-2.jpg
738,catalog/AirPods-case/M-blue-3.jpg
739,catalog/AirPods-case/T-black-2.jpg
739,catalog/AirPods-case/T-black-3.jpg
740,catalog/Airpods-case/L-blue-2.jpg
740,catalog/Airpods-case/L-blue-3.jpg
741,catalog/Airpods-case/L-red-2.jpg
741,catalog/Airpods-case/L-red-3.jpg
742,catalog/Airpods-case/L-black-2.jpg
742,catalog/Airpods-case/L-black-3.jpg
743,catalog/Airpods-case/L-brown-2.jpg
743,catalog/Airpods-case/L-brown-3.jpg
744,catalog/Airpods-case/T-1.jpg
744,catalog/Airpods-case/T-4.jpg
744,catalog/Airpods-case/T-5.jpg
745,catalog/Airpods-case/T-1.jpg
745,catalog/Airpods-case/T-4.jpg
745,catalog/Airpods-case/T-5.jpg
746,catalog/Airpods-case/Lpro-blue-2.jpg
746,catalog/Airpods-case/Lpro-blue-3.jpg
747,catalog/Airpods-case/Lpro-red-2.jpg
747,catalog/Airpods-case/Lpro-red-3.jpg
748,catalog/Airpods-case/Lpro-black-2.jpg
748,catalog/Airpods-case/Lpro-black-3.jpg
749,catalog/Airpods-case/Lpro-brown-2.jpg
749,catalog/Airpods-case/Lpro-brown-3.jpg
750,catalog/WirelessCharger/planet-earth-2.jpg
750,catalog/WirelessCharger/planet-earth-3.jpg
751,catalog/WirelessCharger/planet-mercury-2.jpg
751,catalog/WirelessCharger/planet-mercury-3.jpg
752,catalog/WirelessCharger/planet-moon-2.jpg
752,catalog/WirelessCharger/planet-moon-3.jpg
753,catalog/WirelessCharger/planet-pluto-2.jpg
753,catalog/WirelessCharger/planet-pluto-3.jpg
754,catalog/WirelessCharger/galaxy-2.jpg
754,catalog/WirelessCharger/galaxy-3.jpg
755,catalog/WirelessCharger/galaxy2-2.jpg
755,catalog/WirelessCharger/galaxy2-3.jpg
756,catalog/WirelessCharger/galaxy3-2.jpg
756,catalog/WirelessCharger/galaxy3-3.jpg
757,catalog/WirelessCharger/nebula-2.jpg
757,catalog/WirelessCharger/nebula-3.jpg
758,catalog/WirelessCharger/nebula2-2.jpg
758,catalog/WirelessCharger/nebula2-3.jpg
759,catalog/WirelessCharger/nebula3-2.jpg
759,catalog/WirelessCharger/nebula3-3.jpg
760,catalog/WirelessCharger/nebula4-2.jpg
760,catalog/WirelessCharger/nebula4-3.jpg
761,catalog/WirelessCharger/nebula5-2.jpg
761,catalog/WirelessCharger/nebula5-3.jpg
762,catalog/WirelessCharger/nebula6-2.jpg
762,catalog/WirelessCharger/nebula6-3.jpg
763,catalog/WirelessCharger/nebula7-2.jpg
763,catalog/WirelessCharger/nebula7-3.jpg
764,catalog/WirelessCharger/nebula8-2.jpg
764,catalog/WirelessCharger/nebula8-3.jpg
765,catalog/WirelessCharger/nebula9-2.jpg
765,catalog/WirelessCharger/nebula9-3.jpg
766,catalog/WirelessCharger/nebula10-2.jpg
766,catalog/WirelessCharger/nebula10-3.jpg
767,catalog/Wooden-cube/couple-2.jpg
767,catalog/Wooden-cube/couple-3.jpg
767,catalog/Wooden-cube/couple-4.jpg
767,catalog/Wooden-cube/couple-5.jpg
767,catalog/Wooden-cube/couple-6.jpg
768,catalog/Wooden-cube/family-2.jpg
768,catalog/Wooden-cube/family-3.jpg
768,catalog/Wooden-cube/family-4.jpg
768,catalog/Wooden-cube/family-5.jpg
768,catalog/Wooden-cube/family-6.jpg
768,catalog/Wooden-cube/family-7.jpg
769,catalog/Wooden-cube/pet-2.jpg
769,catalog/Wooden-cube/pet-3.jpg
769,catalog/Wooden-cube/pet-4.jpg
769,catalog/Wooden-cube/pet-5.jpg
769,catalog/Wooden-cube/pet-6.jpg
769,catalog/Wooden-cube/pet-7.jpg
769,catalog/Wooden-cube/pet-8.jpg
770,catalog/Coaster/round-info-zh-3.jpg
770,catalog/Coaster/round-paint-2.jpg
770,catalog/Coaster/round-paint-3.jpg
770,catalog/Coaster/round-paint-4.jpg
770,catalog/Coaster/round-paint-5.jpg
771,catalog/Airpods-case/airpods-sky-blue-2.jpg
771,catalog/Airpods-case/airpods-sky-blue-3.jpg
771,catalog/Airpods-case/airpods-sky-blue-4.jpg
772,catalog/Airpods-case/airpods-coral-2.jpg
772,catalog/Airpods-case/airpods-coral-3.jpg
772,catalog/Airpods-case/airpods-coral-4.jpg
773,catalog/Airpods-case/airpod-pink-2.jpg
773,catalog/Airpods-case/airpod-pink-3.jpg
773,catalog/Airpods-case/airpod-pink-4.jpg
774,catalog/Airpods-case/airpods-sakura-white-2.jpg
774,catalog/Airpods-case/airpods-sakura-white-3.jpg
774,catalog/Airpods-case/airpods-sakura-white-4.jpg
775,catalog/Airpods-case/airpod-yellow-2.jpg
775,catalog/Airpods-case/airpod-yellow-3.jpg
775,catalog/Airpods-case/airpod-yellow-4.jpg
776,catalog/Coaster/f-square-2.jpg
776,catalog/Coaster/f-square-3.jpg
776,catalog/Coaster/f-square-4.jpg
776,catalog/Coaster/f-square-5.jpg
776,catalog/Coaster/f-square-6.jpg
778,catalog/phone_case/planet phone case/3D/earth.jpg
778,catalog/phone_case/planet phone case/scene/earth.jpg
779,catalog/phone_case/planet phone case/3D/mercury.jpg
779,catalog/phone_case/planet phone case/scene/mercury.jpg
780,catalog/phone_case/planet phone case/3D/moon.jpg
780,catalog/phone_case/planet phone case/scene/moon.jpg
781,catalog/phone_case/planet phone case/3D/pluto.jpg
781,catalog/phone_case/planet phone case/scene/pluto.jpg
782,catalog/phone_case/mount-fuji phone case/3D/mtfuji.jpg
782,catalog/phone_case/mount-fuji phone case/scene/mtfuji.jpg
783,catalog/phone_case/mount-fuji phone case/3D/mtfuji2.jpg
783,catalog/phone_case/mount-fuji phone case/scene/mtfuji2.jpg
784,catalog/WirelessCharger/fujisan-1.jpg
784,catalog/WirelessCharger/fujisan-2.jpg
785,catalog/Airpods-case/AP2C-G-01PB/PB-2.jpg
785,catalog/Airpods-case/AP2C-G-01PB/PB-3.jpg
785,catalog/Airpods-case/AP2C-G-01PB/PB-4.jpg
786,catalog/Airpods-case/AP2C-G-02PPP/PP-2.jpg
786,catalog/Airpods-case/AP2C-G-02PPP/PP-3.jpg
786,catalog/Airpods-case/AP2C-G-02PPP/PP-4.jpg
787,catalog/Airpods-case/AP2C-G-03YP/YP-2.jpg
787,catalog/Airpods-case/AP2C-G-03YP/YP-3.jpg
787,catalog/Airpods-case/AP2C-G-03YP/YP-4.jpg
788,catalog/Airpods-case/wood/Airpods Pro/walnut/pro-walnut-2.jpg
788,catalog/Airpods-case/wood/Airpods Pro/walnut/pro-walnut-3.jpg
788,catalog/Airpods-case/wood/Airpods Pro/walnut/pro-walnut-4.jpg
788,catalog/Airpods-case/wood/Airpods Pro/walnut/pro-walnut-5.jpg
788,catalog/Airpods-case/wood/Airpods Pro/walnut/pro-walnut-6.jpg
789,catalog/Airpods-case/wood/Airpods 2/walnut/AP2-walnut-2.jpg
789,catalog/Airpods-case/wood/Airpods 2/walnut/AP2-walnut-3.jpg
789,catalog/Airpods-case/wood/Airpods 2/walnut/AP2-walnut-4.jpg
789,catalog/Airpods-case/wood/Airpods 2/walnut/AP2-walnut-5.jpg
790,catalog/Airpods-case/wood/Airpods 2/maple/AP2-maple-2.jpg
790,catalog/Airpods-case/wood/Airpods 2/maple/AP2-maple-3.jpg
790,catalog/Airpods-case/wood/Airpods 2/maple/AP2-maple-4.jpg
790,catalog/Airpods-case/wood/Airpods 2/maple/AP2-maple-5.jpg
