listingID,SKU
PCAM02B,J7uEvAgB
PCAM06A,jNFfitCp
PCAM06B,nHJY2j5K
PCAM06C,YGgWmwZU
PCAM06E,Eu49t7gP
PCAM100B,b7nXksJY
PCAM100C,y8HAy5pz
PCAM100D,7hc5Bnbf
PCAM100F,jRDWQSma
PCAM24A,ChBY3sbx
PCAM24B,CbvfPDvU
PCAM35A,s46b6gcs
PCAM36H,fwLnTHD2
PCAM36K,edh8uMeK
PCAM36N,pQVGzkbi
PCAM36O,3p5uLjAq
PCAM36P,NYLkxGgx
PCAM57B,YcBeTV2q
PCAM57C,WDDAweiZ
PCAM83A,DvmCv72d
PCAM83B,8LirC45q
PCAM83C,uFwtSFJf
PCAM83D,Xp5QAkwQ
PCAM84A,TtvA7GuC
PCAM84B,GJg52cPf
PCAM84D,NDxRTAqW
PCAM89A,kaM6VxAU
PCAM89B,Ew8FnhfG
PCAM89C,JcnwvWkn
PCAM89D,Z2Lxnqqj
PCAM89E,85PvKjmm
PCAM89H,vgfZpFfH
PCAM95A,nX9CVcNN
PCAM95B,tW3uKK2n
PCAM95C,qpiiBWVs
PCAM95D,YpMkb4PW
PCAM95E,ygP2vSmr
PCAM95F,gCKY2G83
PCAM95G,vpEYwqJP
PCAM95H,QAEagw6R
PCAM95I,Q7cn9rwe
PCAM95J,wHSDem5G
PCAM95K,RqLxUhen
PCAM95L,qYXKNEZn
PCAM95M,ZQ76TRKi
PCAM95N,ry3gzDsM
PCAM95O,VUVCUjWC
PCAM95P,n8S7bmrc
PCAM95Q,N8tf5Tnw
PCAM95R,4E7p29mj
PCAM95S,mynXGgMd
PCAM95T,VWwDVuTA
PCAM99A,9rHungKs
PCAM99B,VE3wCc5w
PCAM99C,5PT2Kv7X
PCAM99D,Wy7bPhhh
PCAM99E,QK9sKwQP
PCAM99G,zbrWzt6J
PCAM99H,pFMpqHZG
PCAM99I,mFZuQb7F
PCAM99J,kSUcBDzG
PCGS-MF-01,hXd4jjug
PCGS-MF-02,P2NwwdMJ
PCGS-PL-01,C6z2hhXK
PCGS-PL-02,fEXaLBfa
PCGS-PL-03,Ncd9VeQC
PCGS-PL-04,NyFvpVis
PCJM27-7,yTHC6Sgn
PCJN21-4,Q6LTqTXh
PCJN24-1,4UXp2suk
PCJN24-3,gHDKyLQq
PCJN24-4,ATAjapA4
PCJN24-5,mvTDdEEX
PCJN25-1,JchKdEJS
PCJN25-2,wqLkzZDJ
PCJN25-3,iF8j8nQx
PCJN25-4,wzf7atSe
PCJN36-1,GFpfysSh
PCJN36-2,6J9fDmSp
PCJN36-3,QzWRg7PW
PCJN36-4,C3bHCSkJ
PCJN36-5,b2KBnuvZ
PCJN42-3,REDHqgxH
PCJN42-4,aP4fgqET
PCJN45-1,6TAQ2UiZ
PCJN45-2,z9NqHNgk
PCJN45-3,TQwPU2ae
PCJN46-1,yAu7AAaA
PCJN46-2,CU239ZbW
PCJN46-3,NB9c6Ne2
PCJN46-4,NPFjy4Bz
PCJN47-2,6WeZumKT
PCTP-AM1-03,YEvGyH4k
PCTP-AM100-1,zgig8eZw
PCTP-AM100-2,C4L3bfAf
PCTP-AM100-3,XjwkxLvJ
PCTP-AM102-1,pSs9gTss
PCTP-AM102-10,8HJi94pY
PCTP-AM102-2,LfxE7fqp
PCTP-AM102-3,zXLHBB9D
PCTP-AM102-4,XiFKfxSK
PCTP-AM102-5,CyMBgz8Q
PCTP-AM102-6,nGZPuLRR
PCTP-AM102-7,ZJkDrnNw
PCTP-AM102-8,RshFVGVa
PCTP-AM102-9,DKhYzQ2s
PCTP-AM19A,733JxjOu
PCTP-AM41B,mnuTvJcB
PCTP-AM41D,H6sLvJ6b
PCTP-AM41E,k6sPT4V9
PCTP-AM41F,fC467hxc
PCTP-AM41H,Av9FX5f4
PCTP-AM44A,zbMdeimq
PCTP-AM44A1,3tU4CN5a
PCTP-AM44B1,rWykgiWY
PCTP-AM64C,4GfTUgMa
PCTP-AM68A,PGaYgJYJ
PCTP-AM68B,yz3CPL8R
PCTP-AM83B,tXEA4SCx
PCTP-AM83C,IDYzz8fe
PCTP-AM83D,37XG3PfP
PCTP-AM84A,5nRIPe2b
PCTP-AM84D,YcCdj385
PCTP-AM89C,bre7NZJr
PCTP-AM89D,fjZwLbVc
PCTP-AM89E,cVhWVyRU
PCTP-AM89F,gKBDAwqS
PCTP-AM89H,J4rbCsCC
PCTP-CAS02,h3QAfhPj
PCTP-JN06-2,DwCD8fg3
PCTP-JN06-7,68qMkhbT
PCTP-JN07-3,9buZb3d3
PCTP-JN07-4,UMmJMei2
PCTP-JN07-6,KXSyv4g5
PCTP-JN08-1,au6raAwb
PCTP-JN08-2,9462EtKk
PCTP-JN08-3,EQwBTgEP
PCTP-JN08-4,NeFTMajN
PCTP-JN12-6,fs2NECSP
PCTP-JN15-3,t3JXXEwb
PCTP-JN15-4,u9P7WBZa
PCTP-JN16-2,E3VddsJb
PCTP-JN17-2,dqezb5Ar
PCTP-JN17-4,6vR3E6u8
PCTP-JN21-1,5e8QyeRj
PCTP-JN21-2,RbBDURWk
PCTP-JN21-3,Cd8za64y
PCTP-JN21-4,mdB2pN5a
PCTP-JN21-5,kFQsGs6x
PCTP-JN23-1,RGU8FFsn
PCTP-JN23-3,eyZUdUdS
PCTP-JN23-4,dMWrRe9b
PCTP-JN24-4,eP9C8J65
PCTP-JN25-2,aAg5SNeK
PCTP-JN33-1,2ZgkGh37
PCTP-JN33-2,EzwwhnGB
PCTP-JN33-4,iF8stfpD
PCTP-JN33-5,Q3e3zr8y
PCTP-JN33-7,KphtPSyY
PCTP-JN36-1,VcA7HZ4w
PCTP-JN36-2,p7i95fmp
PCTP-JN36-3,bXESkLJU
PCTP-JN36-4,cy8XGQnY
PCTP-JN36-5,TjFgRzab
PCTP-JN37-4,vZ4ifHEP
PCTP-JN38-2,rDZsvXmd
PCTP-JN39-2,6LkajAyK
PCTP-JN39-3,T3gMVmR2
PCTP-JN39-4,jXCpAXsm
PCTP-JN39-5,utkJB4UA
PCTP-JN40-1,B36QRALN
PCTP-JN40-3,jTR7yH9Q
PCTP-JN42-1,kPGmUhht
PCTP-JN42-2,5NWGeHT8
PCTP-JN42-3,jWxYnYHS
PCTP-JN42-4,EhsYXNZQ
PCTP-JN42-7,X3FzPHRm
PCTP-JN45-1,PCVjrsQL
PCTP-JN45-3,Fe3K5S3h
PCTP-JN46-1,mPETjXDE
PCTP-JN46-2,GiWQQpWs
PCTP-JN46-3,Xy9VhSLi
PCTP-JN46-4,DiivqAkj
PCTP-JN47-2,XUm8hj6Q
PCTP-JN47-3,LMnnzfAx
PCTP-JN06-1,gJT7qDKd
PCTP-TC1-1,zrL4AvvD
PCTP-TCD1,LJLE3Gqt
PCTP-TCE2,hbeQAfNY
PCTP-AM18B,dYo0AgZe
PCTP-AM19E,iJvvnOMi
PCTP-AM18A,QrL5oaH8
PCTP-AM19G,nhUW1Q9z
PCTP-AM19D,V1vNHYCR
PCTP-AM18F,qX5KdujF
PCTP-AM19F,U3EONF4q
PCTP-AM19C,gJ6HFhIr
PCTP-AM18C,475QFJMh
PCTP-AM18D,UALfrEaP
PCTP-AM24F,4YPR4gc9
PCTP-AM24B,V6DYXxbX
PCTP-AM34C,hDQaIbVY
PCTP-AM34B,A9hqeufw
PCTP-AM36H,YnIJxFo7
PCTP-AM36K,gZKkppCL
PCTP-AM10E,AReMH0VN
PCTP-AM10C,uoIhQvo0
PCTP-AM11E,TzrA0aQH
PCTP-AM11B,rbndSMYu
PCTP-AM11A,EVsKfp7o
PCTP-AM11C,Wz2s4L9e
PCTP-AM11H,wPqvXQ8J
PCTP-FR-01,gZ57AwSr
PCTP-FR-02,HdnMvM6V
PCTP-FR-03,zWi8uXCh
PCTP-FR-04,huddHpQh
PCTP-FR-05,6PBD9LpW
PCTP-FR-06,WscnSJ7m
PCTP-FR-07,bNARKjma
PCTP-CM-01,WHfrRxkP
